source,title,description,link
Telex,"Hiába hívta Orbán Trump szóvivőjét, ő marad a Fehér Házban",A két vezető találkozóján a magyar kormányfő vicceskedve kérte Trumpot adja már kölcsön Karoline Leavittet neki,https://telex.hu/zacc/2025/11/08/karoline-leavitt-trump-orban-talalkozo-valasz
Telex,"Ukrajna elküldte a magyar kormánynak az új ukrán nyelvtörvény tervezetét, várják a választ",Tarasz Kacska ukrán miniszterelnökhelyettes szerint az új javaslat 11 magyar követelés közül ötöt figyelembe vesz,https://telex.hu/kulfold/2025/11/08/ukrajna-nyelvtorveny-magyarorszag
Telex,Hadiipari cégekkel tárgyalt Amerikában Nagy Márton a 4iG vezér társaságában,A 4iG elnöke az űriparra is ráment tárgyalt a SpaceX vezetőivel is,https://telex.hu/gazdasag/2025/11/08/jaszai-gellert-4ig-usa-talalkozo-lockheed-martin-spacex-northrop-grumman
Telex,Tömeges ételmérgezés: megszólalt a közétkeztetési cég vezetője,Azt mondta a történtek őket is megviselték a hatóságokkal mindenben együttműködnek,https://telex.hu/belfold/2025/11/08/tomeges-etelmergezes-megszolalt-a-kozetkeztetesi-ceg-vezetoje
Telex,"Kólát itattak, csirkés salátát etettek a magyar kormányküldöttséggel a Fehér Házban",Lázár János építési miniszter kurtán vázolta a baráti hangulatú munkaebéd menüjét,https://telex.hu/kulfold/2025/11/08/lazar-janos-kola-salata-menu-orban-trump-talalkozo-washington
Telex,"Anger Zsolt: Leonardo DiCaprio csinált hatvankét filmet, én meg nem",A filmes munkák hiányában egy ideje inkább gasztronómiai tartalmakat készítő színész Veiszer Alindának azt mondta szerinte semmi nem működik jól most az országban,https://telex.hu/karakter/kultura/2025/11/08/veiszer-alinda-anger-zsolt-szinesz-rendezo
Telex,Orbán Ráhel is megjelent a washingtoni gálavacsorán,A magyar nagykövetségen a delegációval együtt fogyaszthatott hortobágyi palacsintát és marhasültet,https://telex.hu/kulfold/2025/11/08/washingtoni-magyar-nagykovetseg-galavacsora-orban-rahel
Telex,"Helló, ősz, csak nem meghoztad a szürkeséget?",Eső köd pára ezekre kell számítani hétvégén,https://telex.hu/belfold/2025/11/08/idojaras-osz-eso-kod
Telex,"Nem hagyta jóvá határidőre az Európai Beruházási Bank, hogy a Waberer's megvegye a GYSEV Cargót",A Waberers szerint nem arról van szó hogy az engedélyt megtagadták hanem arról hogy a jóváhagyás a határidőig nem érkezett meg A GYSEV Cargónál közben felmondott a vezérigazgató aki 39 éve dolgozott a cégnél,https://telex.hu/gazdasag/2025/11/08/gysev-vezerigazgato-waberers-eladas
Telex,Orbán Viktor az amerikai alelnökkel beszélt négyszemközt a Trump-találkozó után,Este az alelnök a saját rezidenciáján fogadta Orbánt de azt nem árulták el miről beszéltek,https://telex.hu/kulfold/2025/11/08/orban-viktor-j-d-vance-amerikai-alelnok-talalkozo-washington
Telex,A világ egyik leggazdagabb országát ötven éve meghódította a magyar csirke,Az arab nyitás idején 1975ben az Ikarusok mellett a csirke volt a toptermék a magyarkuvaiti gazdasági együttműködésben minden lakosra jutott belőle tíz kiló,https://telex.hu/eszkombajn/2025/11/08/magyar-csirke-piacvezeto-kuvait-1975
Telex,"Orbán megkapta, amiért a Fehér Házba ment",Trump dicsérettel és gesztusokkal halmozta el Orbánt aki közel 240 milliárd forint értékben tett vállalásokat az amerikaiak a nukleáris ágazatban is megjelennek A kormányfő elérte hogy Magyarország az amerikai szankciókat elkerülve továbbra is importálhasson orosz kőolajat és földgázt A kettős adóztatás azonban érvényben maradt,https://telex.hu/gazdasag/2025/11/08/orban-trump-feher-haz-washington-targyalas-szankciok-mentesseg-nuklearis-megallapodas-szandeknyilatkozat
Telex,"Végveszélyben van a hazai üvegvisszaváltó rendszer, pedig hamarosan kötelező lesz használni",Nagy az esélye hogy 2030ig mire Magyarországon is kötelező lesz az újratölthető palackokkal dolgozó körforgó értékesítés megszűnnek a jelenleg üzemelő rendszerek,https://telex.hu/g7/vallalat/2025/11/08/magyar-uvegvisszavalto-rendszer-kiskereskedelem-mohu-automatak-eu-korforgo-csomagolas
Telex,Törökország elfogatóparancsot adott ki Benjámin Netanjahu ellen népirtásra hivatkozva,Törökország a Gázai konfliktussal kapcsolatban vádolja Izraelt,https://telex.hu/kulfold/2025/11/07/torokorszag-izrael-benjamin-netanjahu-elfogatoparancs-nepirtas
Telex,"Orbán kölcsönkérné Trump sajtófőnökét, aki az elnök kérésére leteremtett egy kérdéssel provokáló újságírót",A csak a kormánymédiának nyilatkozó a teljes sajtó elé évente egyszer kiálló vitákat nem vállaló miniszterelnök a jelek szerint el tudna képzelni egy kormányszóvivői szintlépést,https://telex.hu/zacc/2025/11/07/orban-washingtonb-trump-kolcsonkerte-sajtofonok
Telex,"Meghalt James Watson, aki először írta le a DNS kettősspirál-szerkezetét",A tudós 97 éves volt halálát a fia erősítette meg,https://telex.hu/techtud/2025/11/07/meghalt-james-watson-a-dns-kettosspiral-szerkezetenek-leiroja
Telex,"Bezárul a harapófogó, miközben az ukrán katonák a romok közt próbálják túlélni az ostromot",Az egykor fontos közlekedési csomópont Pokrovszk ostroma több mint egy éve zajlik de most már annyira körbevették az oroszok hogy az ukrán főparancsnok szerint is nehéz a helyzet Takács Márk katonai szakértővel elemeztük ki meddig tudják tartani a város romjait az ukránok és mi lesz ha Pokrovszk elesik,https://telex.hu/kulfold/2025/11/07/pokrovszk-katonai-helyzet-az-ukran-orosz-fronton-takacs-mark
Telex,"Magyar Péterék feljelentenek minden újságot, amely közzétette a térképet a Tisza-szimpatizánsok adatairól",A Tisza elnöke szerint ez egy politikailag motivált bűncselekmény melynek célja a megfélemlítés,https://telex.hu/belfold/2025/11/07/magyar-peter-adatszivargas-tisza-app-bejelentes
Telex,"Orbán majd bemutatja Trumpnak, hogy kell nyomást gyakorolni Putyinra",Donald Trump a Fehér Házban fogadta Orbán Viktort és a magyar delegációt Orbán szerint nem kérdés hogy ha 2022ben Trump lett volna az elnök akkor most nem lenne oroszukrán háború Videós összefoglaló,https://telex.hu/video/2025/11/07/trump-orban-talalkozo-washington-ukrajna-oroszorszag
Telex,A NAIH szerint bűncselekmény térképre tenni a Tisza-szimpatizánsok adatait,Ha a létrehozója nem törli az oldalt Nemzeti Adatvédelmi és Információszabadság Hatóság jogi eszközökkel gondoskodik az eltávolításáról,https://telex.hu/belfold/2025/11/07/naih-tisza-vilag-alkalmazas-jogsertes-terkep
Telex,"Norris hatalmas lendületben Brazíliában, Verstappen csak a fejét csóválta",Szombaton óriási ciklon éri el a Brazil Nagydíj helyszínét az eső pedig átrendezheti az erőviszonyokat,https://telex.hu/sport/2025/11/07/forma-1-f1-brazil-nagydij-sprintidomero-1
Telex,Idén először jelöltek K-pop-számot Grammy-díjra a legjobb dal kategóriában,Rögtön kettőt is az APTt Bruno Marstól és Rosétól meg a Goldent a Kpop démonvadászokból Kendrick Lamar 9 Lady Gaga 7 kategóriában lesz érdekelt,https://telex.hu/after/2025/11/07/eloszor-jeloles-k-pop-legjobb-dal-lady-gaga-kendrick-lamar
Telex,Hat hónap börtönre ítélték zaklatás miatt a magát Madeleine McCann-nak kiadó lengyel nőt,Julia Wandelt évekig zaklatta az eltűnt lány szüleit de büntetését már letöltötte mert február óta őrizetben van,https://telex.hu/kulfold/2025/11/07/bunosnek-talaltak-zaklatasban-azt-a-lengyel-not-aki-madeleine-mccann-nek-adta-ki-magat
Telex,"A családügyi államtitkárral közösen adtak át a baranyai fideszesek egy bölcsődét, ami már két hónapja működik",Az ünnepségen meghallgathatták a gyerekek hogy a kormány mennyi mindent tett a családokért Azt nem verték nagy dobra hogy a bölcsőde EUs pénzből épült,https://telex.hu/belfold/2025/11/07/ket-honapja-mukodo-bolcsodet-adtak-at-fideszes-politikusok
Telex,"Magyar Péter szerint Trump vérbeli vezető, és Orbán csak egy temus másolat",A Tiszaelnök úgy látja az amerikai elnök sosem képviselt idegen érdeket Orbán viszont rég ezt teszi,https://telex.hu/belfold/2025/11/07/magyar-peter-orban-viktor-donald-trump-washington-temu
Telex,"Megjelent egy videó, amin férfi mellé feküdt Hilarion metropolita, a Belügyminisztérium szerint zsarolták a felvétellel",A minisztérium szerint a Denník N oldalán publikált videóért az egyházi vezető nem fizetett,https://telex.hu/belfold/2025/11/07/hilarion-metropolita-orosz-ortodox-pap-video-szuzuki-george-belugyminiszterium-rendorseg
Telex,Üzlet és ideológia – ezzel a kettővel pakolta tele a gépet a Washingtonba utazó Orbán,Kampányeseményt csinált amerikai útjából Orbán Viktor Az amerikai elnökkel való találkozójára a kormánytagok a propagandisták és az üzleti világ szereplői mellett az ideológiai hátországát alkotó figurákat is magával vitte Az út körüli csinnadratta azt jelzi hogy a fontosabb kérdésekben már megállapodhatott Washingtonnal,https://telex.hu/kulfold/2025/11/07/uzlet-es-ideologia-ezzel-a-kettovel-pakolta-fel-a-gepet-a-washingtonba-utazo-orban
Telex,Orbán a Trumppal folytatott tárgyalás után: Magyarország továbbra is amerikai szankciók nélkül importálhat orosz kőolajat és földgázt,Orbán munkaebéden találkozott az amerikai elnökkel a Fehér Házban A kormányfő az egész végén bejelentette Magyarország nukleáris fűtőanyagot fog vásárolni a Westinghousetól a kettős adóztatás elkerüléséről szóló egyezmény visszaállításáról viszont nem született megállapodás Trump azt mondta ha lesz találkozója Putyinnal azt Budapesten szeretné,https://telex.hu/kulfold/2025/11/07/orban-trump-targyalas-feher-haz-washington
Telex,"A Mol friss pénzügyi jelentésében azt írta, el tudná látni finomítóit az Adria-vezetéken keresztül, aztán meggondolta magát",Az olajtársaság szerint a Janaf kapacitása és szállítási képessége nem bizonyított,https://telex.hu/gazdasag/2025/11/07/mol-finomito-adria-koolajvezetek
Telex,Késes férfit fogott el a rendőrség és a TEK egy budapesti óvodánál,A férfi beugrott a rákospalotai Forrás Református Óvoda udvarára ezért a rendőrök az ablakon adták ki a gyerekeket akiket a közeli templomba menekítettek,https://telex.hu/belfold/2025/11/07/egy-keses-ferfi-miatt-akciozott-a-rendorseg-es-a-tek-egy-budapesti-ovodanal
Telex,"Ha mindent eladnék, abból lehetne venni pár budapesti ingatlant",Tasnádi Dávid a magyar NBAkártyákat gyűjtő közösség egyik legismertebb alakja Több mint húsz éve építi a világon is egyedülálló kollekcióját amely mára több mint tízezer darabosra nőtt Nemzetközi körökben is elismert a gyűjteménye,https://telex.hu/after/2025/11/07/nba-kartya-gyujtes-tasnadi-david-hobbi-piac-michael-jordan
Telex,16 milliárd dollárt kereshetett tavaly átverős hirdetésekkel a Facebook üzemeltetője,A Reuters birtokába került belső dokumentumok szerint a Meta 2024es bevételeinek 10 százaléka csaló és tiltott árukra vonatkozó hirdetésekből származhatott A cég szóvivője szerint a becslés túlzó,https://telex.hu/techtud/2025/11/07/facebook-meta-mark-zuckerberg-hirdetes-csalas
Telex,"Lángra kapott a zsebében lévő powerbank, égési sérüléseket szenvedett egy férfi a melbourne-i reptéren",A férfi a lábán és az ujjain szenvedett égési sérüléseket,https://telex.hu/kulfold/2025/11/07/ausztralia-repuloter-kigyulladt-ferfi-power-bank
Telex,A szépségkirálynők sértegetése mögött nem csak a hétköznapi szexizmus áll,A Miss Universe thaiföldi rendezője élő adásban alázta meg Miss Mexikót mire szolidaritásból több tucat szépségkirálynő vonult ki a teremből A nőket tárgyiasító megmérettetés amúgy is szexista hagyományokon alapul de ilyen botrány a nyilvánosság előtt még nem történt Miért pont most tört ki és mi áll a háttérben,https://telex.hu/eletmod/2025/11/07/miss-universe-botrany-miss-mexiko-thaifold-nogyulolet-szepsegverseny-szepsegkiralyno-kivonulas
Telex,"Rögtön háromszorosára drágult egy autópálya, ahogy Magyarországra ért",Az M6oshoz csatlakozó A5ös autópálya legnagyobb része olyan olcsón épült Horvátországban hogy az idehaza már scifi lenne,https://telex.hu/g7/adat/2025/11/07/m6-magyar-horvat-koltsegek-kilometerarak-mohacsi-hid
Telex,"24 évvel az eltűnése után derült ki, hogy gyilkosság áldozata lett egy ajkai férfi",Holttestét egy devecseri ház udvarában ásták el,https://telex.hu/belfold/2025/11/07/24-ev-utan-kiderult-hogy-gyilkossag-aldozata-lett-egy-ajkai-ferfi
Telex,470-en kaphattak ételmérgezést Budapesten,Ugyanannak a közétkeztető cégnek az ebédjéből ettek majd hányásra és hasmenésre panaszkodtak a cég konyhájának működését felfüggesztették a hatóságok vizsgálatot indítottak,https://telex.hu/belfold/2025/11/07/470-en-kaphattak-etelmergezest-budapesten
Telex,"Véget ér a napsütéses idő, esős és ködös lesz a hétvége",Csütörtökön viszont majdnem két fokkal melegebb volt mint a novemberi átlag,https://telex.hu/belfold/2025/11/07/eso-kod-idojaras-november-hetvege
Telex,Évi 25 ezer tonna oldószert fognak a debreceni CATL-gyártól 360 kilométerre lévő Komáromba szállítani,Egy komáromi székhelyű délkoreai cég hasznosítja fel a szennyezett vizet,https://telex.hu/gazdasag/2025/11/07/debrecen-catl-nmp-hulladek
Telex,"Azonnal kilőhető a medve Romániában, ha belterületre lép",A kormány emberéletet védene de szakértők szerint a valódi gond a megelőzés hiánya Közben Romániában él Európa legnagyobb medveállománya,https://telex.hu/transtelex/2025/11/07/medve-kiloves-kormanyrendelet-romania
Telex,Vádemelést javasolnak a Pécs Pride szervezője ellen,A Magyar Helsinki Bizottság szerint BuzásHábel Gézát és ügyvédjét nem értesítették erről de a Magyar Nemzetet igen,https://telex.hu/belfold/2025/11/07/pecs-pride-szervezo-vademeles
Telex,Legalább tízéves hidegháború jön Európa és Oroszország között Putyin egyik legfőbb ellensége szerint,Mihail Hodorkovszkij üzletember a Politicónak azt nyilatkozta fel kell készülni a hosszú távú konfrontációra függetlenül az ukrajnai háború kimenetelétől,https://telex.hu/kulfold/2025/11/07/mihail-hodorkovszkij-jukosz-politico-hideghaboru-oroszorszag-europa
Telex,Telex Diszpó november 7-től november 14-ig,Szerencsés Dániel BÚÉK Solaris A lovakat lelövik ugye és még pár ajánlat a következő napok moziműsorából,https://telex.hu/karakter/kultura/2025/11/07/telex-diszpo-november-7-14-mozimusor
Telex,Szigorítják az EU-s vízumszabályokat az oroszokkal szemben,Mostantól orosz állampolgárok nem kaphatnak többszöri beutazásra jogosító vízumot,https://telex.hu/kulfold/2025/11/07/orosz-allampolgarok-europai-bizottsag-vizum-korlatozas
Telex,"Őrizetbe vettek egy férfit a kiégett újbudai mélygarázs ügyében, ahol korábban egy női holttestet találtak",Halált előidéző közveszély okozásával gyanúsítják,https://telex.hu/belfold/2025/11/07/teremgarazs-gyujtogatas-no-halal-elfogas
Telex,Az atomháborút vagy a film végét kell inkább várni?,A Feszült helyzet dicsérete és kritikája annak az amerikai hadigépezetnek ami pont akkor sül be amikor egy ballisztikus rakéta megindul az Egyesült Államok felé,https://telex.hu/karakter/kultura/2025/11/07/a-house-of-dynamite-feszult-helyzet-kathryn-bigelow-atomhaboru-netflix-filmkritika
Telex,"Folyamatosan nyomasztja a kormány az élelmiszeripari cégeket, hogy ne drágítsanak",A 24hunak nyilatkozó szereplők szerint az árrésstop csak a jéghegy csúcsa a háttérben erős informális nyomást helyez rájuk a kormány egyeztetésekkel és berendelésekkel,https://telex.hu/gazdasag/2025/11/07/arresstop-hatasai-nyomas-alatt-a-piaci-szereplok
Telex,"Megjelent a Michael Jackson életéről szóló film első előzetese, 30 millió megtekintést ért el az első hat órában",A film forgalmazója arról is beszélt hogy lesze folytatás,https://telex.hu/after/2025/11/07/megjelent-michael-jackson-eletrajzi-film-elso-elozetes
Telex,"A Fidesz legfőbb üzenete, hogy ne reménykedj",Amíg a Fidesz előnyben volt az ellenzékkel szemben mindig arra törekedett hogy maga mellé állítsa a bizonytalan szavazókat Most az a legfőbb céljuk hogy a bizonytalan szavazók azok is maradjanak De közben a közhangulat is változik a kegyelmi botrány és Magyar Péter megjelenése óta kisebb az apátia és a fiatalok egyre jobban érdeklődnek a politika iránt,https://telex.hu/belfold/2025/11/07/fidesz-magyar-peter-kegyelmi-botrany-fiatalok
Telex,Szabálytalan kamionosokra vadásztak a rendőrök az M7-esen,A nehézteherautók nappali előzési tilalmának megsértése mellett a követési távolság betartását is ellenőrizték a levegőből,https://telex.hu/belfold/2025/11/07/dron-kamion-teherauto-ellenorzes-rendorseg
Blikk,Ezeket nézi most mindenki a streamingen: itt a top 10-es lista a magyarok kedvenc filmjeiről és sorozatairól,A hazai nézők októberben a feszültségre az akcióra és a titokzatos történetekre szavaztak akár a mozgalmas thrillerek akár a karaktervezérelt sorozatok formájában A streamingplatformok kínálata ezúttal is bővelkedett az izgalmas újdonságokban,https://www.blikk.hu/sztarvilag/filmklikk/legjobb-filmek-2025-oktober/9w0x1wf
Blikk,Igaz vagy hamis? A nagy lottónyereményeket mindig ünnepek táján viszik el – Van ennek a közhiedelemnek bármilyen valóságalapja?,Ez itt az Igaz vagy Hamis a Blikk tényellenőrző sorozata az Európai Unió támogatásával amelyben megmutatjuk mi az igazság számos a nyilvánosságban tényként kezelt állítással kapcsolatban és megmutatjuk hogyan tud eligazodni a mindenki számára elérhető eszközök segítségével az egymásnak sokszor ellentmondó állítások erdejében Az Európai Parlament támogatásával készült sorozatunk célja a tudatos kritikus médiafogyasztás erősítése ezáltal bármilyen politikai irányultságtól függetlenül a közjó szolgálata A tartalomért kizárólag a Blikk szerkesztősége felelős arra külső szereplőnek a támogatót is beleértve nincs befolyása Az igazság megtalálása sosem garantált de törekedni érdemes Kövessen minket hogy soha ne vezethessék meg,https://www.blikk.hu/eletmod/vilag-titkai/legnagyobb-lottoszelveny-nyeremenyek-unnepek-igaz-vagy-hamis/rc8ws1n
Blikk,"Cristiano Ronaldo egyetért Orbán Viktorral – Kitalálja, miben?",A labdarúgás történetének egyik legnagyobb alakja Cristiano Ronaldo hosszú interjút adott amelyben még politikai témát is érintett A futballista a beszélgetésben érintőlegesen beszélt Donald Trump amerikai elnökről és szóba került a béke kérdése is,https://www.blikk.hu/sport/kulfoldi-foci/ronaldo-orban-viktor-trump-beke/71dpzg3
Blikk,"Réka kimondta, Ricsi tudomásul vette – Zátonyra futott a legstabilabb házasság?",A Házasság első látásra párjai sorra esnek szét de Vass Réka és Horváth Ricsi még tartották magukat A pénteki adásban viszont úgy tűnik kapcsolatuk elérkezett a végéhez Pedig alig néhány napja még romantikus vacsora és születésnapi meglepetés jelezte hogy van remény Mostanra azonban minden megváltozott az érzelmek helyét a csalódottság és a feszültség vette át,https://www.blikk.hu/sztarvilag/hazai-sztarok/hazassag-elso-latasra-ricsi-reka-vege/rjz8exs
Blikk,"Tragédia a Grand Canyonnál: 65 éves férfi zuhant a mélybe, szörnyet halt",Egy 65 éves férfi életét vesztette miután közel 40 métert zuhant a Grand Canyon nyugati oldalán közölte a Mohave megyei seriff hivatalának kutatómentő egysége,https://www.blikk.hu/aktualis/kulfold/grand-canyon-lezuhant-meghalt/26h4c8y
Blikk,Ínycsiklandó libacomb recept Márton napra - süsse meg otthon!,Közeleg Márton napja a karácsonyt megelőző böjt előtti utolsó lakomázás ideje amikor hagyományosan gazdag fogások kerülnek az asztalra A népi mondás szerint Aki Márton napon libát nem eszik egész éven át éhezik E régi szokás előtt tisztelegve ropogósra sült libacombot ajánl Fásy Ádám amely méltó főszereplője az ünnepi asztalnak igazán egyszerűen elkészítheti otthon is ezt a libacombot,https://www.blikk.hu/eletmod/gasztro/marton-napi-libacomb/tksd913
Blikk,"Házasság első látásra: Beccának és Zsoltnak csókolgatnia kellett egymást, de rossz vége lett – videó",Végérvényesen megromolhatott Rebeka és Zsolt kapcsolata Terápiás foglalkozáson azt a feladatot kapták hogy csókolgassák egymást amely mindkettejük számára kényelmetlen volt Feszült pillanatokon van túl a a Házasság első látásra korábban egyik legígéretesebbnek tűnő párosa,https://www.blikk.hu/sztarvilag/hazai-sztarok/rebeka-zsolt-csok-hazassag-elso-latasra/7c93sxw
Blikk,"„Mary, kezdj élni!” – Ígéretet tett családjának Nótár Mary",Nótár Mary ígéretet tett családjának a TV2 műsorában Az énekesnő kamaszkora óta folyamatosan koncertezik de megfogadta ha véget ér a Sztárban Sztár All Stars visszavesz a tempóból,https://www.blikk.hu/sztarvilag/hazai-sztarok/notar-mary-igeret/z4hx9pc
Blikk,Benjamin Netanjahu ellen népirtás gyanúja miatt nemzetközi elfogatóparancsot adott ki Törökország,Törökország elfogatóparancsot adott ki Benjamin Netanjahu izraeli miniszterelnök és több magas rangú tisztségviselője ellen akiket népirtással és emberiesség elleni bűncselekményekkel vádolnak a Gázai övezetben zajló hadműveletek miatt A listán 37 izraeli vezető szerepel Izrael határozottan elutasította a lépést és PRakciónak nevezte a török döntést,https://www.blikk.hu/politika/vilagpolitika/torokorszag-elfogatoparancs-netanjahu-nepirtas/flw0mx6
Blikk,„Rendkívüli haláleset” – Holttestet találtak Csepelen,Holttestet találtak csütörtök koraeste Budapest XXI kerületében Egy 35 év körüli férfi egy bokros fás területen feküdt rövidnadrágban és pólóban A rendőrség rendkívüli halálesetként vizsgálják az ügyet,https://www.blikk.hu/aktualis/belfold/holttest-csepel-halal/ejrtxde
Blikk,"Patai Anna egyetlen dologtól stresszel csak, de attól nagyon – videó",Patai Anna mindössze 11 éves volt amikor 2010ben a Megasztár 5 évadában országosan ismertté vált és ezzel elindította pályafutását A ma már felnőtt családos édesanyát hamarosan az XFaktor élő showjában láthatjuk Az énekesnővel a műsor sajtótájékoztatóján találkoztunk személyesen,https://www.blikk.hu/blikk-tv/patai-anna-x-faktor-stressz/q794zr3
Blikk,"Besenczi Árpád egyszerre volt színházi baleset sérültje és gyanúsítottja - van, hogy elfelejti feltenni a műujját - exkluzív interjú",Tizenöt éve vezeti a zalaegerszegi Hevesi Sándor Színházat Besenczi Árpád aki idén kerek születésnapot is ünnepelt A Jászai Maridíjas színész a My Fair Lady próbája közben az öltözőjében adott interjút a Vasárnapi Blikknek arról mesélt hogyan zsonglőrködik az idejével hogy a színész a rendező az igazgató és a családapa szerepét is elláthassa,https://www.blikk.hu/sztarvilag/hazai-sztarok/besenczi-arpad-szinhazigazgato-interju/xzz5fx9
Blikk,"Az ember, akinek nem volt múltja – DNS-vizsgálat adta vissza Benjaman Kyle emlékeit",A georgiai Savannah városában egy Burger King mögött egy eszméletlen férfit találtak 2004 augusztus 31én Meztelen volt leborotvált fejjel teste tele rovarcsípésekkel Sem iratai sem pénze sem nyoma nem volt annak ki lehetett,https://www.blikk.hu/aktualis/kulfold/elfeljette-multjat-den-adta-vissza/dwlkpbz
Blikk,"Útinform: Baleset, torlódás – A legfontosabb közlekedési hírek szombat reggelre",Torlódás az M1esen baleset a 4es főúton Mutatjuk a szombat reggeli legfontosabb közlekedési híreket,https://www.blikk.hu/aktualis/belfold/utinform-kozlekedes-szombat/9nw8cgl
Blikk,A hétvégén sok lesz a felhő – Igazi őszi bekuckózós napok állnak előttünk,A hétvége jelentős részében marad a borongós csapadékos idő Bár lesznek átmeneti szakadozások a felhőtakaróban az ország döntő része felett továbbra is erősen felhős vagy teljesen borult ég lesz a jellemző A csúcshőmérséklet 914 fok között változik szombaton,https://www.blikk.hu/aktualis/belfold/idojaras-elorejelzes-hetvege/5eyesrn
Portfolio,Drasztikusan átírná a kormány a Polgári Törvénykönyvet – kiderültek a részletek!,Cégjogi változtatások a polgári jogi szabályok pontosítása a gondnokság alatt állók védelmének erősítése az öröklési és társasági jogi előírások finomhangolása valamint az ügyvédi letétkezelés szigorítása szerepel abban az átfogó módosító csomagban amelyet az Igazságügyi Minisztérium társadalmi egyeztetésre bocsátott,https://www.portfolio.hu/gazdasag/20251108/drasztikusan-atirna-a-kormany-a-polgari-torvenykonyvet-kiderultek-a-reszletek-798388
Portfolio,"Az USA bojkottálja a dél-afrikai G20-csúcsot, Trump kemény üzenetet küldött",Donald Trump amerikai elnök bejelentette hogy az Egyesült Államok nem küld kormányzati képviselőt a DélAfrikában rendezendő G20csúcsra az országban szerinte zajló emberi jogi visszaélésekre hivatkozva számolt be a Reuters,https://www.portfolio.hu/gazdasag/20251108/az-usa-bojkottalja-a-del-afrikai-g20-csucsot-trump-kemeny-uzenetet-kuldott-798386
Portfolio,Elakadt a nagy magyar vasúti felvásárlás: nem adták meg az engedélyt időben a GYSEV leánynál,A Waberers és a GYSEV Cargo között tervezett tulajdonszerzési ügylet egyelőre nem valósult meg mivel az Európai Beruházási Bank nem adta meg időben a szükséges jóváhagyást A felek azonban stratégiai együttműködési megállapodást kötöttek és folytatják a tárgyalásokat írta meg a Telex,https://www.portfolio.hu/befektetes/20251108/elakadt-a-nagy-magyar-vasuti-felvasarlas-nem-adtak-meg-az-engedelyt-idoben-a-gysev-leanynal-798384
Portfolio,"Drágul a tojás – Kiderült, mennyire éri meg a 30 darabos kiszerelés",Ahogy közeledik a karácsonyi időszak egyre nagyobb a kereslet a tojás iránt ami fokozatos áremelkedést hoz a boltokban A piacon most egyértelműen a vásárlók igénye hajtja az árakat és a szakértők szerint ez a nyomás a következő hónapokban sem enyhül majd Az adatok alapján továbbra is megéri a nagyobb kiszerelést választani hiszen darabra vetítve olcsóbban juthatunk hozzá ehhez az alapélelmiszerhez,https://www.portfolio.hu/gazdasag/20251108/dragul-a-tojas-kiderult-mennyire-eri-meg-a-30-darabos-kiszereles-798320
Portfolio,Javult Izrael hitelminősítése,Stabilra javította a leminősítés lehetőségére utaló eddigi negatívról Izrael elsőrendű államadósbesorolásainak kilátását az SP Global Ratings mindenekelőtt azzal a véleményével indokolva a döntést hogy a Hamász radikális iszlamista szervezettel kötött tűzszünet enyhítette az Izraelt közvetlenül fenyegető biztonsági kockázatokat,https://www.portfolio.hu/gazdasag/20251108/javult-izrael-hitelminositese-798380
Portfolio,Vadonatúj információk érkeztek a Trump-Orbán megállapodásról,A magyar félnek sikerült elérnie Washingtonban hogy mind a gáz mind az olajvásárlások esetében mentesüljünk amerikai szankciók alól Ez a legfőbb eredménye a Donald Trump és Orbán Viktor vezetésével folytatott tárgyalásoknak ugyanakkor ellentmondásos információk vannak arról hogy a felmentés egy évre szól vagy időkorlát nélküli Emellett több más energetikai területen születtek egyezségek és továbbiakról várhatók bejelentések a közeljövőben Egy dollár swapvonal felállíátásról is szó lehet A TrumpOrbán csúcs fejleményeit itt követjük nyomon,https://www.portfolio.hu/gazdasag/20251108/vadonatuj-informaciok-erkeztek-a-trump-orban-megallapodasrol-798374
Portfolio,"Mást állít a magyar olaj- és gázszankciók alóli mentességről Trump csapata, mint amit eddig tudtunk",Az Egyesült Államok egy évre adott felmentést Magyarországnak az orosz olaj és gáz használatára vonatkozó amerikai szankciók alól olvasható a Reutersen Az állítás ha nem is szöges ellentéte de jelentősen eltér a tegnapi washingtoni találkozót követő magyar delegáció sajtótájékoztatóján elhangzottaktól,https://www.portfolio.hu/gazdasag/20251108/mast-allit-a-magyar-olaj-es-gazszankciok-aloli-mentessegrol-trump-csapata-mint-amit-eddig-tudtunk-798376
Portfolio,Pénzügyi csomag vagy mentőcsomag? Mit kapott Trumptól Magyarország?,Az amerikaimagyar megállapodás részét képezheti egy dollár swap vonal nyitása Legalábbis a magyar nyilatkozatok erre utalnak és a Válasz Online úgy tudja hogy ilyen igény a magyar fél részéről felmerült Legutóbb az Egyesült Államok Argentínával kötött hasonló megállapodást a peso védelmében,https://www.portfolio.hu/gazdasag/20251108/penzugyi-csomag-vagy-mentocsomag-mit-kapott-trumptol-magyarorszag-798372
Portfolio,Felfigyeltek a Trump-Orbán-találkozóra külföldön is,Sűrű nap volt a pénteki Orbán Viktor és Donald Trump találkozója a kormánytagok közötti többórás egyeztetése és a miniszterelnök valamint Szijjártó Péter késő esti bejelentései nyomán A washingtoni ügyek jelentőségét jól mutatja hogy több tekintélyes nemzetközi hírportál vezető anyagban számol be a tárgyalásról és azok eredményéről Érdekes különbség hogy a Reuters egyéves megállapodásról beszél a szankciók alóli mentesség ügyében a magyar kormány időkorlát nélküli megállapodásról számolt be,https://www.portfolio.hu/gazdasag/20251108/felfigyeltek-a-trump-orban-talalkozora-kulfoldon-is-798370
Portfolio,"Úgy néz ki, hogy Orbán Viktor energetikai és diplomáciai manővere beérett Trumpnál",Orbán Viktor magyar miniszterelnök és Szijjártó Péter külgazdasági és külügyminiszter megtartotta sajtótájékoztatóját a washingtoni egyeztetéseket követően Bár az esemény előtt már sok minden kiderült arról hogy milyen megállapodásokra számíthatunk a hivatalos bejelentésen de olyan kulcskérdések mint az orosz olajat és gázt valamint a Paks II beruházást érintő szankciók még nyitott kérdések voltak most ezekre is pont került,https://www.portfolio.hu/gazdasag/20251108/ugy-nez-ki-hogy-orban-viktor-energetikai-es-diplomaciai-manovere-beerett-trumpnal-798368
Portfolio,Trump-Orbán csúcs: az orosz olajról kérdezték a két vezetőt,A november 7i pénteki nap a Washingtonban zajló amerikaimagyar kormányközi találkozóról szólt Donald Trump elnök 1830 körül fogadta a Fehér Házban Orbán Viktort majd ezt követően a munkavacsora helyszínén válaszolt a két vezető az újságírók kérdésére A várható nagy megállapodás körvonalairól ezt követően egyeztetnek a felek a tárgyaláson jelen van több magyar és amerikai miniszter is,https://www.portfolio.hu/gazdasag/20251107/trump-orban-csucs-az-orosz-olajrol-kerdeztek-a-ket-vezetot-798052
Portfolio,"Végveszélybe került két fontos város, Szergej Lavrov bukásáról pletykálnak - Híreink az ukrán frontról pénteken",Nagyon úgy fest hogy hamarosan véget ér a stratégiai fontosságú Pokrovszk erődvárosért vívott küzdelem a település jelentős részét elfoglalták az oroszok Kijev szerint még dúlnak a harcok Moszkva már majdhogynem be is jelentette a győzelmet Északon Harkiv megyében Kupjanszk sincs sokkal jobb helyzetben Közben hírszerzési információk érkeztek DélKoreából arról hogy az ukrajnai határon felvonult az oroszok mellett körülbelül 10 ezer északkoreai katona is Mindeközben nyugati és orosz ellenzéki portálok Szergej Lavrov külügyminiszter bukásáról pletykálnak a Kreml mindent tagad Cikkünk folyamatosan frissül az oroszukrán háború pénteki fejleményeivel,https://www.portfolio.hu/global/20251107/vegveszelybe-kerult-ket-fontos-varos-szergej-lavrov-bukasarol-pletykalnak-hireink-az-ukran-frontrol-penteken-798094
Portfolio,Tovább száguldott a magyar tőzsde sztárpapírja,Visszatért a rossz hangulat a napokban a tőzsdékre elsősorban a mesterségesintelligenciarészvények értékeltsége aggasztja a befektetőket A vezető amerikai indexek 12 százalékos eséssel zárták a csütörtöki kereskedést és Ázsiára is átragadt a negatív hangulat az európai indexek pedig a kezdeti emelkedések után gyorsan lefordultak Itthon a Washingtonból érkező hírek mellett a Mol és az OTP háza táján voltak izgalmak mind a két vállalat ma hajnalban tette közzé negyedéves gyorsjelentését és ralizik a 4iG miközben Jászai Gellért Washingtonban tárgyal Hasonló témákkal is foglalkozunk következő befektetési konferenciánkon november 18án jön a Portfolio Investment Day ahol a piac legjobb szakértői segítenek eligazodni a befektetések világában Jelentkezés itt,https://www.portfolio.hu/uzlet/20251107/tovabb-szaguldott-a-magyar-tozsde-sztarpapirja-798110
Portfolio,Súlyos jelentés: tömegével menekülnek az ukrán katonák a frontvonalról,Októberben hivatalosan 21 602 katona hagyta el az ukrán hadsereget ez minden eddiginél rosszabb rekord amely az egész ország biztonságát fenyegeti írta meg az Ihor Lucenko újságíró jelenleg az ukrán fegyveres erők drónpilótája,https://www.portfolio.hu/global/20251107/sulyos-jelentes-tomegevel-menekulnek-az-ukran-katonak-a-frontvonalrol-798366
Portfolio,Így alakul a forint árfolyama a Trump-Orbán találkozó hatására,3842es szintre is erősödött pénteken a forint ami másfél éves csúcs 2024 májusa óta nem volt ilyen erős a magyar deviza A befektetők is kiemelten figyelik a délutáni amerikaimagyar tárgyalások eredményét és a bejelentéseket Donald Trump és Orbán Viktor magyar idő szerint késő délután tartották meg közös sajtótájékoztatójukat majd pénteken késő este Orbán Viktor a tárgyalások utáni sajtótájékoztatót is megtartotta mutatjuk a forint reakcióját,https://www.portfolio.hu/deviza/20251107/igy-alakul-a-forint-arfolyama-a-trump-orban-talalkozo-hatasara-798114
Portfolio,Kőkemény lépés Törökországtól: elfogatóparancsot adott ki Benjamin Netanjahu ellen,Törökország elfogatóparancsot adott ki Benjámin Netanjahu és más izraeli vezetők ellen népirtás vádjával,https://www.portfolio.hu/global/20251107/kokemeny-lepes-torokorszagtol-elfogatoparancsot-adott-ki-benjamin-netanjahu-ellen-798364
Portfolio,"Ennyi volt, lesöpörték az ajánlatot a republikánusok, marad a brutális kormányzati leállás",A szenátusi republikánusok visszautasították a demokraták kompromisszumos ajánlatát ezért marad a kormányzati leállás írja a Bloomberg A szenátusban ülő demokraták a kormányzati leállás befejezésének feltételeként az ACA Affordable Care Act lejáró támogatásainak egyéves meghosszabbítását kérték cserébe támogatták volna a rövid távú költségvetési törvényt,https://www.portfolio.hu/gazdasag/20251107/ennyi-volt-lesoportek-az-ajanlatot-a-republikanusok-marad-a-brutalis-kormanyzati-leallas-798362
Portfolio,Hatalmas bejelentéseket tett Orbán Viktor Amerikában,Az amerikai elnökkel való találkozó után sajtótájékoztatót tartott Orbán Viktor Washingtonban A magyar miniszterelnök ismertette hogy mivel sikerült megállapodnia a Trumpkormányzattal A legfontosabb fejlemény hogy a Török Áramlat és a Barátság kőolajvezeték teljes szankciómentességet fog élvezni időkorlát nélkül A nukleáris energia területén megkötött megállapodásról is árult el részleteket a kormányfő ennek egyik eleme hogy Paks IIvel szemben semmilyen szankció nem várható Az eseményről tudósítunk,https://www.portfolio.hu/gazdasag/20251107/hatalmas-bejelenteseket-tett-orban-viktor-amerikaban-798358
Portfolio,"Bejelentették az oroszok: bekerítettek egy teljes ukrán várost, katlanban ragadtak a csapatok",Oroszpárti térképkészítők jelentése szerint a Pokrovszk ikervárosának számító Mirnohradot bekerítették az orosz csapatok Most azonban hasonló híreket közölnek ukrán és független források is,https://www.portfolio.hu/global/20251107/bejelentettek-az-oroszok-bekeritettek-egy-teljes-ukran-varost-katlanban-ragadtak-a-csapatok-798360
Portfolio,"Kritikus helyzet alakult ki a ferihegyi repülőtéren, de az utasok mind megúszták",Újra normál kerozinellátással üzemel a Liszt Ferenc Nemzetközi Repülőtér pénteken 23 órától tájékoztatta a Budapest Airport Zrt az MTIt pénteken este,https://www.portfolio.hu/uzlet/20251107/kritikus-helyzet-alakult-ki-a-ferihegyi-repuloteren-de-az-utasok-mind-megusztak-798356
24.hu,Tömeges ételmérgezés: megszólalt az érintett közétkeztetési cég vezetője,470en kaptak fertőzést 47 gyerek kórházi ellátásra szorul The post Tömeges ételmérgezés megszólalt az érintett közétkeztetési cég vezetője first appeared on 24hu,https://24.hu/belfold/2025/11/08/tomeges-etelmergezes-xiii-kerulet-menza-kozetkezetes-vezeto-megszolalt-heim-pal-korhaz/
24.hu,"Rubint Réka: Norbika legalább tudja, hogyan kell megtartani egy fegyvert, mert nagyon sokan nem",Fia szavait idézve mesélte el miért döntött úgy ifjabb Schóbert Norbi hogy honvédségi tartalékos lesz The post Rubint Réka Norbika legalább tudja hogyan kell megtartani egy fegyvert mert nagyon sokan nem first appeared on 24hu,https://24.hu/szorakozas/2025/11/08/rubint-reka-fia-ifjabb-schobert-norbert-dpk-honvedseg-tartalekos/
24.hu,Mit ért el Orbán Trumpnál?,A félsikerből kihozni a maximumot A miniszterelnök olyan problémákat oldott meg melyek pár hete még nem is léteztek de nem látszik nyoma annak a nagy sikernek amit Trump visszatérésekor vártak The post Mit ért el Orbán Trumpnál first appeared on 24hu,https://24.hu/kulfold/2025/11/08/orban-trump-talalkozo-eredmenyek-mennyire-sikeres/
24.hu,"Orális szexen kapták a párt, miközben 145 km/órás sebességgel száguldoztak",A rendőrség egy Münster külvárosában található benzinkútnál fogta el a párt a sofőrt őrizetbe vették The post Orális szexen kapták a párt miközben 145 kmórás sebességgel száguldoztak first appeared on 24hu,https://24.hu/szorakozas/2025/11/08/oralis-szex-autopalya-gyorshajtas-nemetorszag/
24.hu,"Kiderült, miért nem kapott büntetést Lewis Hamilton a sprintkvalifikáción",Minden részletre fény derült az eset kapcsán The post Kiderült miért nem kapott büntetést Lewis Hamilton a sprintkvalifikáción first appeared on 24hu,https://24.hu/sport/forma-1/2025/11/08/brazil-nagydij-lewis-hamilton-dupla-sarga-zaszlo-vizsgalat/
24.hu,"A belgák csak ne álljanak sehova, de ki shortolja a független sajtót?",A KH ármány a szárnyaló forint és a Blikk körül megváltozó médiafogyasztási szokások The post A belgák csak ne álljanak sehova de ki shortolja a független sajtót first appeared on 24hu,https://24.hu/belfold/2025/11/08/24per7-elemzes-forint-mnb/
24.hu,Blikk: Orbán Ráhel is részt vett a washingtoni gálavacsorán,A miniszterelnök lánya és családja az előzőhöz hasonlóan a 2026os parlamenti választások előtt is elköltözött az országból The post Blikk Orbán Ráhel is részt vett a washingtoni gálavacsorán first appeared on 24hu,https://24.hu/kulfold/2025/11/08/orban-rahel-amerika-washington-galavacsora-orban-viktor/
24.hu,Házasság első látásra: „Megijedtél az érzéseidtől” – Réka lezártnak tekinti a házasságát Ricsivel,Úgy tűnik senki nem marad együtt újabb házasság ment tönkre a TV2 házasodós műsorában The post Házasság első látásra Megijedtél az érzéseidtől Réka lezártnak tekinti a házasságát Ricsivel first appeared on 24hu,https://24.hu/szorakozas/2025/11/08/hazassag-elso-latasra-2025-reka-ricsi-szakitas/
24.hu,"A kormánytól várjuk a mesterséges intelligencia szabályozását, pedig a Fidesz használja kampányfegyverként",A magyarok viszonylag tájékozottak az MIvel kapcsolatban de egy kutatás szerint inkább aggodalommal mint bizalommal figyelik a technológia térnyerését The post A kormánytól várjuk a mesterséges intelligencia szabályozását pedig a Fidesz használja kampányfegyverként first appeared on 24hu,https://24.hu/belfold/2025/11/08/mesterseges-intelligencia-ismeret-szabalyozas-attitud-kutatas-magyarorszag-globalis-pew-research/
24.hu,BBC: Trump csak egy év mentességet adott Magyarországnak az orosz energiahordozókra kivetett amerikai szankciók alól,Miközben Orbán azt jelentette be hogy általános és időkorlát nélküli mentességet kaptak The post BBC Trump csak egy év mentességet adott Magyarországnak az orosz energiahordozókra kivetett amerikai szankciók alól first appeared on 24hu,https://24.hu/kulfold/2025/11/08/donald-trump-amerika-elnok-orosz-gaz-olaj-magyarorszag-szankcio-egy-ev-orbn-viktor/
hvg.hu,"Összekapja magát az AI, ha durvábban szólnak hozzá?",Vannak akik akkor képesek jobb teljesítményre ha rájuk pirítanak nem udvariaskodnak velük Egy amerikai kutatás amely egy érdekes kísérletet ölel fel a ChatGPTvel arra jutott hogy a mesterséges intelligencia is ilyen lehet,https://hvg.hu/tudomany/20251108_ai-chatbotok-pontossag-noveles-hangnem-chatgpt
hvg.hu,Orbán az amerikai alelnökkel is tárgyalt Washingtonban,A megbeszélésen ott lehetett Orbán Balázs kampányfőnök valamint a Magyar Külügyi Intézet igazgatója Gladden J Pappin is,https://hvg.hu/vilag/20251108_Orban-az-amerikai-alelnokkel-is-targyalt-Washingtonban
hvg.hu,"David Pressman: A végeredmény egy elszegényedett ország, amit eláraszt a politika, a propaganda és a megosztottság",David Pressman volt amerikai nagykövet a Time magazinba írt véleménycikkében mutatta be hogyan fakad Orbán és Trump világképéből a függetlenség fogalmának felszámolása A cikket Orbán Viktor washingtoni látogatása elé időzítették,https://hvg.hu/360/20251108_David-Pressman-Time-Orban-es-Trump-lapszemle
hvg.hu,"Orbán Ráhel is ott volt a washingtoni gálavacsorán, ahol gulyáskrémleves és hortobágyi palacsinta is volt",A miniszterelnök a vacsorán elmondta Trump és ő is részt vesz a Nyugat lelkéért menő küzdelemben,https://hvg.hu/elet/20251108_Orban-Rahel-washington-galavacsora-gulyaskremleves
hvg.hu,"Trump és Orbán 1,5 éves csúcsra lökték a forintot",Utoljára 2024 májusában volt arra példa hogy 385 alá erősödött az euróval szemben,https://hvg.hu/kkv/20251108_Trump-es-Orban-15-eves-csucsra-loktek-a-forintot
hvg.hu,Legénybúcsú Washingtonban? Németh Balázs zaklat – szerkesztőségi kibeszélő,Youtubecsatornánk mérföldkőhöz érkezett elértük a 100 ezer feliratkozót Köszönjük Van miről beszélnünk Bemutatjuk az új stúdiónkat és ha már ott vagyunk a hét aktuális legfontosabb eseményeiről is beszélgettünk egyet,https://hvg.hu/itthon/20251108_Szerkesztoseg-Washington-Trump-Orban-Magyar-ebx
hvg.hu,"Találtak 110 000 km eddig nem ismert római kori utat: megrajzolták a teljes térképet, Magyarország is rajta van – videó",Dán kutatók új módszerrel térképezték fel hogyan nézhetett ki az úthálózat a Római Birodalomban A léptéke egészen rendkívüli volt,https://hvg.hu/tudomany/20251108_romai-birodalom-uthalozat-terkep-video-ebx
hvg.hu,Kínai testvérpárbaj: teszten az ár-érték bajnok Chery Tiggo 8 és Omoda 9,A bal sarokban a 279 lóerős és 7 személyes Chery Tiggo 8 a jobb sarokban pedig a hasonló méretben vagányabb külsőt 530 lóerővel és 5 üléssel kombináló Omoda 9 Két korrekt árú kínai plugin hibrid SUV De melyik kinek lehet jó Jövünk a gyakorlati tapasztalatokkal,https://hvg.hu/cegauto/20251108_kinai-plugin-hibrid-suv-chery-tiggo-8-omoda-9-teszt-velemeny
hvg.hu,"Nem pont úgy mentesült Magyarország Trump szankciói alól, ahogy Orbán bejelentette",A mentesítés ideiglenes és éppen addig tart ameddig az EU végleg le akarna válni az orosz olajpiacról,https://hvg.hu/gazdasag/20251108_Trump-Orban-szankciok-feloldas-egy-evre
hvg.hu,"Orbán Viktor 466 milliárd forinttal kente meg Trumpot, de elérte, amit elérhetett",A magyar delegáció elérte Trumpnál amit reálisan elérhetett vélhetően ideiglenes mentességet az orosz energiahordozókat érintő szankciók alól Cserébe ahogy várható volt Magyarország gázt fegyvereket és nukleáris technológiát vesz az előzetes tájékoztatás szerint 466 milliárd forint értékben A deal mindenképpen siker a Fidesznek a részletek ismerete nélkül nem tudni Magyarország jól járe,https://hvg.hu/gazdasag/20251107_Orban-Viktor-466-milliard-forint-Trump-deal-lng-paks-fegyver-ebx
hvg.hu,Gyanús szemétügyek: a hulladékgazdálkodásban is összeomlott a rezsicsökkentés,Több mint 20 milliárd forintot hoz a MoHunak az EPRdíjak emelése ezt azonban a lakosság fizeti meg Hulladékkezelési adatok híján nem lehet megállapítani jogosan kére több pénzt a cég,https://hvg.hu/360/20251108_hvg-mol-mohu-eprdijak-emelese-rejtett-sarc-hulladekkoncesszio
hvg.hu,Rejtélyes csillagközi objektumot rögzített a kínaiak űrszondája,A Tienven1 Marsmisszió űrszondája nagy felbontású kamerájával sikeresen megfigyelte és rögzítette a 3IATLAS jelű csillagközi objektumot jelentette a kínai állami űrügynökség CNSA,https://hvg.hu/tudomany/20251108_3i-atlas-csillagkozi-objektum-cnsa
hvg.hu,Nem ellenzéki terep│Elvitelre,Elvitelre a podcast amelyben a hét legjobb HVG hetilapos és hvg360as anyagaiból válogatunk A héten Ringierfelvásárlás és országjárás,https://hvg.hu/itthon/20251108_Nem-ellenzeki-terep-Elvitelre-podcast
hvg.hu,Riasztó adatok: egyre jobban lemaradnak a magyar nyugdíjak a bérektől,Évekkel korábban még 115120 ezer forint volt a medián bérek és nyugdíjak közötti eltérés aztán jött a 2024es és az idei Íme a különbségek alakulása egy adatgrafikán,https://hvg.hu/gazdasag/20251103_median-kereset-nyugdij-buksza-fizetes
hvg.hu,Óriási bejelentésre készül kedden a Google,Története eddigi legnagyobb németországi befektetési projektjéről kedden rántja le a leplet a Google,https://hvg.hu/tudomany/20251107_google-nemetorszag-befektetes-infrastruktura-adatkozpontok-ai
hvg.hu,"Orbán Viktor: Mentességet kaptunk a szankciók alól, mind az orosz olaj, mind Paks II esetében",A miniszterelnök Washingtonban bejelentette hogy a Barátság és a Török Áramlat vezetékeken szabadon jöhet az orosz kőolaj és földgáz a Paks IIőt érintő szankciókat pedig nem felfüggesztették az amerikaiak hanem teljes mértékben eltörölték,https://hvg.hu/itthon/20251107_Orban-sajtotajekoztato
hvg.hu,A lengyel parlament hozzájárult a Budapesten bujkáló volt igazságügyi miniszter őrizetbe vételéhez,Mind a 26 vádpontban felfüggesztették Zbigniew Ziobro mentelmi jogát csak azt nem tudják hazamegye,https://hvg.hu/vilag/20251107_A-lengyel-parlament-hozzajarult-a-Budapesten-bujkalo-volt-igazsagugyi-miniszter-orizetbe-vetelehez
hvg.hu,Szijjártó az amerikai találkozó után: a hazánk energiabiztonsága garantált,Rövid videóban tájékoztatta a tárgyalások eredményéről követőit a külgazdasági és külügyminiszter,https://hvg.hu/gazdasag/20251107_Szijjarto-az-amerikai-talalkozo-utan-a-hazank-energiabiztonsaga-garantalt
hvg.hu,"Magyar Péter politikailag motivált bűncselekménynek nevezte, hogy térkép készült a Tisza támogatóiról",A Tisza Párt elnöke többek között felszólította a belügyminisztert hogy haladéktalanul indítson átfogó nyomozást,https://hvg.hu/itthon/20251107_magyar_peter-tisza-vilag-interaktiv-terkep-bejelentes
hvg.hu,"NAIH: bűncselekményt követett el, aki térképen tette közzé a Tisza Világ felhasználóit",Volt olyan kormányközeli oldal ami állítólag közölte a térkép elérhetőségét,https://hvg.hu/itthon/20251107_naih-magyar-peter-tisza-vilag-applikacio-adatvedelem-terkep
hvg.hu,"Szívelégtelenség alakulhat ki, ha sokáig szed valaki melatonint",Amerikai kutatók arra figyelmeztetnek a melatonin kiegészítők szedésének hosszú távú hatását még mindig nem ismeri a tudomány elég alaposan,https://hvg.hu/tudomany/20251107_melatonin-szedese-kockazat-szivelegtelenseg-ebx
hvg.hu,"Zaklatás miatt elítélték azt a lengyel nőt, aki állítja, hogy ő Madeleine McCann",Bár bűnösnek mondták ki Julia Wandeltnek nem kell börtönbe vonulnia,https://hvg.hu/vilag/20251107_Zaklatas-miatt-eliteltek-azt-a-lengyel-not-aki-allitja-hogy-o-Madeleine-McCann
hvg.hu,"Beindult az esőerdő-védelmi alap, már 5,5 milliárd dollárnyi felajánlás érkezett",Csütörtökön indult el hivatalosan a trópusi esőerdők megőrzésére létrehozott pénzügyi alap amelyből fizetnek minden egyes érintetlenül hagyott hektárért az érintett országoknak Az első nap után a célösszeg 44 százaléka gyűlt össze,https://hvg.hu/zhvg/20251107_esoerdovedelmi-alap-TFFF-TFIF-brazilia-cop30-klimavalsag-klimavedelem-erdovedelem
hvg.hu,Szijjártó: Magyarország beszáll az űrállomás-építésbe is,Washingtonban beszélt arról a külgazdasági és külügyminiszter hogy az amerikai Voyager Technologiesszel terveznek megállapodni és ha sikerül akkor Magyarország aktív szereplője lehet az űrállomásépítési projektjének,https://hvg.hu/itthon/20251107_Szijjarto-Magyarorszag-beszall-az-urallomas-epitesbe-is
hvg.hu,Veszélyesen sok ólom lehet a fehérjeporokban,Egy kutatás szerint a határértéket meghaladó mértékben lehetnek nehézfémek egyes fehérjetermékekben Szakember eredt a megállapítások nyomába,https://hvg.hu/tudomany/20251107_feherjeporok-veszely-nehezfemek-olom-mennyisege-vizsgalat-hatarertek-ebx
hvg.hu,Az ukrán vezetés elküldte a nyelvtörvény új változatát a magyar kormánynak,A tizenegy magyar követelés közül ötöt lenne hajlandó teljesíteni az ukrán vezetés az országban élő magyar kisebbség helyzetét illetően,https://hvg.hu/itthon/20251107_ukrajna-magyarorszag-karpatalja-magyar-kisebbseg-oktatas-nyelve
hvg.hu,Több ezer járatot töröltek vagy késleltettek az Egyesült Államokban a kormányzati leállás miatt,Kétezernél is több repülőjáratot töröltek vagy késleltettek pénteken az Egyesült Államokban miután a légitársaságokat arra utasították hogy csökkentsék a forgalmat a kormányzati leállás idején A legforgalmasabb 40 repülőtér belföldi járatai érintettek,https://hvg.hu/gazdasag/20251107_Tobb-ezer-jaratot-toroltek-vagy-kesleltettek-az-Egyesult-Allamokban-a-kormanyzati-leallas-miatt
hvg.hu,"A Belügyminisztérium szerint zsarolták Hilarion metropolitát a felvétellel, amelyen bemászik egy fiatal férfi mellé az ágyba",A tárca közleménye szerint Szuzuki George 384 000 eurót kért a videóért,https://hvg.hu/itthon/20251107_hilarion-metropolita-szuzuki-george-video-belugyminiszterium-rendorseg
hvg.hu,Évi 25 ezer tonna oldószert szállítanak majd debreceni CATL-gyárból Komáromba,Egy helyi lakos volt kíváncsi arra mi történik majd magzatkárosító hatású anyaggal szennyezett vízzel,https://hvg.hu/kkv/20251107_catl-akkumulatorgyar-oldoszer-hulladek-debrecen-komarom
hvg.hu,"„A legfontosabb, hogy a gyerekek meggyógyuljanak” – megszólalt az angyalföldi tömeges rosszullét ügyében az étkeztetési cég vezetője",A XIII kerületi önkormányzat idén tavasszal bízott meg egy három cégből álló de részben közös háttérrel rendelkező vállalatcsoportot a közétkeztetési feladatok ellátásával,https://hvg.hu/itthon/20251107_angyalfoldi-rosszulletek-kiderult-melyik-ceg-szolgalta-fel-az-etelt
hvg.hu,Októberben is Szoboszlai Dominik lett a hónap játékosa a Liverpoolnál,A magyar labdarúgó megköszönte a szavazatokat a szurkolóknak,https://hvg.hu/sport/20251107_szoboszlai-dominik-honap-jatekosa-liverpool
hvg.hu,Félmázsás márványtábla zuhant egy rollertárolóra a Petőfi hídról,A fennmaradt részek rögzítését megerősíti az üzemeltető,https://hvg.hu/itthon/20251107_lezuhant-marvanytabla-rollertarolo-petofi-hid
hvg.hu,Az ellenzékiek civakodása miatt húzhat be egy újabb választókerületet a Fidesz Józsefvárosban,Rövid időn belül a második időközi választást tartják vasárnap a VIII kerületben Pikó András polgármester ultimátumot adott a DKnak és az MSZPnek ha nem léptetik vissza jelöltjüket Horváth Alexander javára számolniuk kell a várható következményekkel Régi feszültségek jöttek elő az ellenzéki oldalon a barátságos hangnemből rideg és hivatalos nyílt levelek lettek közben a fideszes jelölt mögött felsorakoztak a párt fősodorbeli politikusai Ígérik ha Pálovics Emese nyer rend lesz a kerületben ahol a helyiek az utcai drogosokra panaszkodnak A választás tétje nagy fogyóban az ellenzéki vezetés többsége,https://hvg.hu/itthon/20251107_idokozi-valasztas-jozsefvaros-fidesz-piko-andras-palovics-emese-horvath-alexander-karacsony-gergely-budapest
hvg.hu,Fekete keselyűk az égen – újra hódított Budapesten a Halestorm,Visszatérő vendégként újra a magyar fővárosban lépett fel Lzzy Hale és zenekara akik újra megmutatták milyennek kell lennie egy jó élő fellépésnek Pluszként előzenekarként a magyar közönség is megismerkedhetett India legjobb zenei exportjával miután a Barba Negrában debütált Magyarországon a Bloodywood,https://hvg.hu/kultura/20251107_halestorm-barba-negra
hvg.hu,"A végéhez közeledik a világ legnagyobb szélfarmjának építése, 6 000 000 brit háztartást láthat el árammal",Hamarosan elindul a brit Dogger Bank szélfarm építésének utolsó fázisa A számítások szerint 35 év alatt 2673 milliárdot tesz bele a brit gazdaságba,https://hvg.hu/tudomany/20251107_tengeri-szelfarm-dogger-bank-epitkezes-tiszta-energia
hvg.hu,"Trump visszakérdezett Orbánnál a Fehér Házban: „Szóval azt mondod, hogy Ukrajna nem tudja megnyerni ezt a háborút?”",A Fehér Házban fogadta Trump Orbán Viktort a két vezető a hivatalos program szerint több mint két órásra tervezett munkaebéd előtt rövid nyilvános beszélgetéssel jelent meg a sajtó képviselői előtt amely jó hangulatú és a tervezettnél jóval hosszabb volt,https://hvg.hu/gazdasag/20251107_Orban-Viktor-Donald-Trump-Feher-Haz-Washington-talalkozo-megbeszeles-ebx
hvg.hu,"Videón, ahogyan az ablakon menekítik ki az újpalotai óvodásokat és elfogják a késsel felfegyverzett behatolót",Az intézkedés közben senki nem sérült meg a késes férfit megbilincselték és átadták a rendőröknek,https://hvg.hu/itthon/20251107_menekules-keses-ferfi-ovoda-xiii-kerulet-tek-rendorseg-budapest
hvg.hu,"Tolsztoj, Lenin, arisztokratikus bujaság és egy kabuki álarc – a HVG kulturális ajánlója",Pintér Béla új előadása A lé meg a Lola rendezőjének új filmje Cecilie Enger visszafogott humorral megírt regénye hétköznapi örömökről és tragédiákról amit nézni és olvasni érdemes,https://hvg.hu/360/20251107_HVG-Szellem-kulturalis-ajanlo
hvg.hu,Ezeket a mozifilmeket értékelte nullára a The Guardian kritikusa,A szigorú ítész felelevenítette pályafutása legszörnyűbb filmjeit amelyekre egy csillagot adott És most azt az egyet is elvette Julia Robertsnek rossz napja lesz,https://hvg.hu/kultura/20251107_guardian-mozifilmek-kritikus-nulla-csillag
hvg.hu,Ralf Schumacher fia eljegyezte Keszthelyi Vivient,A két autóversenyező hét éve van együtt,https://hvg.hu/elet/20251107_Ralf-Schumacher-fia-eljegyezte-Keszthelyi-Vivient
hvg.hu,A TV2 műsorvezetője 600 ezer forintos táskát villantott Orbán washingtoni útján,A Mokka műsorvezetője Louis Vuitton táskával vett részt élete második legnagyobb élményén,https://hvg.hu/elet/20251107_zavaros-eszter-tv2-musorvezeto-600-ezer-forintos-louis-vuitton-taska-washington-hadhazy-akos
hvg.hu,Meghalt a Pierce Brosnan-éra utolsó James Bond-filmjének rendezője,Lee Tamahori 75 éves volt Parkinsonkórral küzdött,https://hvg.hu/kultura/20251107_meghalt-lee-tamahori-halj-meg-maskor
hvg.hu,"Jön egy hidegcsepp, hétvégére elromlik az idő",Azért van ahol így is napos időre lehet számítani,https://hvg.hu/itthon/20251107_hidegcsepp-hetvegi-idojaras
hvg.hu,"Minden szavát hallhatják a hackerek, ha ott van a mobilján valamelyik ebből a 12 alkalmazásból",Veszélyes kémprogramra bukkantak a kutatók mely egy tucat alkalmazásban megtalálható Mutatjuk hogyan próbálják rávenni az embereket a telepítésükre,https://hvg.hu/tudomany/20251107_veszelyes-androidos-alkalmazasok-fertozes-vajraspy-kemprogram-ebx
hvg.hu,"Olyan ügyben kell döntenie az Alkotmánybíróságnak, amely a jogrendszer alapjait érinti",A pártfinanszírozás áll a középpontban,https://hvg.hu/itthon/20251107_alkotmanybirosag-kuria-partfinanszirozas-partok-magyar-allamkincstar-allami-szamvevoszek
hvg.hu,"Két nap alatt két meteor is becsapódott a Holdba, sikerült az egészet felvenni – videó",A japán Fudzsii Dajcsi távcsöve és kamerája két olyan meteort rögzített amelyek egymástól nem messze csapódtak a Hold felszínébe,https://hvg.hu/tudomany/20251107_hold-meteor-becsapodas-video-ebx
hvg.hu,"Libaevés helyett az adakozásról szól a Márton-nap  – programajánló és recept, ha mégis az asztalnál ünnepelnénk",November 11 Mártonnap egykor a paraszti év lezárását jelentette ma pedig a bőség a közösség és a gasztronómia ünnepeként él tovább Bár legtöbben a libasülttel és az újborral azonosítjuk ez a nap ennél jóval mélyebb kulturális és emberi tartalommal bír A természet rendjének és az év ciklusainak tiszteletére emlékeztet ugyanakkor az adakozás fontosságát is hangsúlyozza A Mártonnap alkalmat kínál arra hogy figyelmünket azok felé is fordítsuk akiknek ezen a napon és máskor is kevesebb jut az asztalra,https://hvg.hu/360/20251107_marton-nap-7-tipp-gasztronomia-liba-gesztenye-ujbor-unnep-libasult
hvg.hu,"Késsel a kezében ment be egy férfi egy óvoda udvarára a XV. kerületben, a TEK-esek egy közeli templomba menekítették a gyerekeket",Az 58 gyerek és 13 felnőtt közül senki sem sebesült meg a 41 éves férfi elszámoltatását megkezdték a hatóságok,https://hvg.hu/itthon/20251107_kes-ferfi-ovoda-udvar-gyerekek-tek-rendorseg
hvg.hu,"A leveleiben és a dokumentumaiban is leskelődhet a Google Geminije, és ez igazából jó hír",Az eddigieknél jóval személyre szabottabb jelentéseket készíthet a Google mélykutató eszköze,https://hvg.hu/tudomany/20251107_google-gemini-mesterseges-intelligencia-drive-gmail-attekintese-deep-research
hvg.hu,24 évvel az eltűnése után találták meg egy meggyilkolt férfi maradványait Veszprém megyében,Az áldozatot a volt felesége és annak szeretője ölhette meg,https://hvg.hu/itthon/20251107_24-evvel-eltunese-utan-talaltak-meg-egy-ferfi-holttestenek-maradvanyait-Veszprem-megyeben-rendorseg-nyomozok-gyilkossag
hvg.hu,A segítségére siető mentőkre támadt egy ittas nő Budapesten,Rendőrök segítségével sikerült kórházba vinni,https://hvg.hu/itthon/20251107_orszagos-mentoszolgalat-ittas-beteg-rendorseg-budapest
hvg.hu,Az Atlantic főszerkesztője: Amerika kifordult magából,A kétpártrendszer fejre állt az FBI például működik és már nincs független igazságügyi tárca Amerikában Ha a demokraták országosan megerősödnek akkor a Fehér Ház megpróbálja manipulálni a választást A jemeni Signalbotrányban elhíresült főszerkesztő Jeffrey Goldberg a Die Zeitnak adott interjút,https://hvg.hu/360/20251107_atlantic-foszerkesztoje-jeffrey-goldberg-interju-usa-kifordult-magabol
hvg.hu,"Krúbi megautóztatja a legfürgébb rajongóit, és megmutatja a jövő héten megjelenő lemezét",A Nissan meggypiros a lemez vadonatúj De villámgyorsnak kell lenni,https://hvg.hu/elet/20251107_Krubi-megautoztatja-a-leggyorsabb-rajongoit
hvg.hu,"Magyar Péter szerint a Kúria elnöke fenyegeti a bírókat, ami kádári időket idéz",A Tisza Párt elnöke és Hadházy Ákos független országgyűlési képviselő is reagált arra hogy Varga Zs András a bírók függetlensége érdekében eljárások lefolytatását ígérte a vélhetően a Tiszaapplikációból kikerült adatbázis miatt,https://hvg.hu/itthon/20251107_Magyar-Peter-kuria-birok-tuzfalcsoport-tisza-part-applikacio-adatszivargas
hvg.hu,Százharminc évvel az elítélése után tábornokká léptették elő Alfred Dreyfust,A Dreyfusügy az antiszemitizmus elleni küzdelem szimbólumává vált Franciaországban,https://hvg.hu/kultura/20251107_130-evvel-az-elitelese-utan-tabornokka-leptettek-elo-Alfred-Dreyfust
hvg.hu,"Éles váltás: a Mol most már úgy látja, el tudná látni a finomítóit az Adria-vezetéken keresztül",A TrumpOrbántalálkozó árnyékában jelent meg az olajtársaság negyedéves pénzügyi jelentése amelyben egy fontos eddig nem igazán hangoztatott kitétel is elhangzott,https://hvg.hu/kkv/20251107_A-Mol-szerint-megis-el-tudna-latni-a-finomitoit-az-Adria-vezeteken-keresztul
hvg.hu,"Lángra kapott egy férfi a melbourne-i reptéren, miután felrobbant a zsebében egy power bank",Egy időre ki kellett üríteni az egyik ausztrál reptér váróját miután egy hordozható akkumulátor lángra lobbant egy férfi zsebében,https://hvg.hu/tudomany/20251107_melbourne-repter-power-bank-felrobbant-ferfi-tuz-baleset-ebx
hvg.hu,"Szabó Zsófi új céget alapított, egy plasztikai sebésszel és egy nőgyógyásszal állt össze",Az influenszernek már van egy vállalkozása most egy zrtben lett alapító Az új cég kiskereskedelemmel foglalkozhat de tevékenységei között szerepel a fürdő és szaunaszolgáltatás is,https://hvg.hu/360/20251107_Szabo-Zsofi-celeb-eternity-3-plasztikai-sebesz-orvos-orrspecialista-uj-ceg-nogyogyasz
hvg.hu,"Kanalat szúrt egy ápoló szemébe, kényszergyógykezelésre ítélték",Az ápoló életét a műtéti beavatkozás mentette meg,https://hvg.hu/itthon/20251107_kenyszergyogykezeles-itelet-pszichiatria-apolo-kanal-birosag
hvg.hu,Felmentették a hulladékkezelésért felelős helyettes államtitkárt,A döntés indoklás nélküli azonnali hatályú A háttérben a Mohuval kapcsolatos problémák is állhatnak,https://hvg.hu/kkv/20251107_Felmentettek-a-hulladekkezelesert-felelos-helyettes-allamtitkart
444.hu,"A szuverenista magyar külpolitika tökéletes képe: Orbán és Lázár várja, hogy Trump aláírjon nekik egy „Trumpnak mindenben igaza volt” feliratú sapkát",A sapka ára 18 ezer forint,https://444.hu/2025/11/08/a-szuverenista-magyar-kulpolitika-tokeletes-kepe-orban-es-lazar-varja-hogy-trump-alairjon-nekik-egy-trumpnak-mindenben-igaza-volt-feliratu-sapkat?utm_source=rss_feed&utm_medium=rss&utm_campaign=rss_syndication
444.hu,"Lemondták Robert Fico középiskolai előadását, miután az épület előtti járdára valaki felfestette, hogy „Fico áruló”",Az iskola közelében egy Hogyan ízlik Putyin fasza felirat is megjelent,https://444.hu/2025/11/08/lemondtak-robert-fico-kozepiskolai-eloadasat-miutan-az-epulet-elotti-jardara-valaki-felfestette-hogy-fico-arulo?utm_source=rss_feed&utm_medium=rss&utm_campaign=rss_syndication
444.hu,"Erdő Péter bíboros fogadta Pető Attilát, aki papi zaklatás egykori áldozataként évek óta harcol, hogy változást érjen el az egyházban",Ez a találkozás nem csupán közöttünk zajlott üzenet minden áldozatnak nem vagytok egyedül a hangotok számít van út a kiengesztelődéshez a megbocsátáshoz és a lelki békéhez írta hosszú küzdelme fontos állomásáról Pető,https://444.hu/2025/11/08/erdo-peter-biboros-fogadta-peto-attilat-aki-papi-zaklatas-egykori-aldozatakent-evek-ota-harcol-hogy-valtozast-erjen-el-az-egyhazban?utm_source=rss_feed&utm_medium=rss&utm_campaign=rss_syndication
444.hu,A lengyel parlament megszavazta a két napja még Budapestről bejelentkező volt lengyel igazságügyi miniszter őrizetbe vételét,Az Orbán Viktor által támogatott Zbigniew Ziobrót az állami vagyon elsikkasztásával gyanúsítják,https://444.hu/2025/11/08/a-lengyel-parlament-megszavazta-a-ket-napja-meg-budapestrol-bejelentkezo-volt-lengyel-igazsagugyi-miniszter-orizetbe-vetelet?utm_source=rss_feed&utm_medium=rss&utm_campaign=rss_syndication
444.hu,"Hétvégi olvasnivalók szankciókról, szocialistákról és kortárs ékszerekről",Azaz itt a 444 napindító hírlevelének hétvégi kiadása,https://444.hu/2025/11/08/hetvegi-olvasnivalok-szankciokrol-szocialistakrol-es-kortars-ekszerekrol?utm_source=rss_feed&utm_medium=rss&utm_campaign=rss_syndication
444.hu,Orbán külön találkozott J. D. Vance alelnökkel is,Az alelnöki rezidencián,https://444.hu/2025/11/08/orban-kulon-talalkozott-j-d-vance-alelnokkel-is?utm_source=rss_feed&utm_medium=rss&utm_campaign=rss_syndication
444.hu,"Fehér házi források szerint Magyarország egy évre kapott mentességet az orosz energiahordozókra kivetett amerikai szankciók alól, és 466 milliárd forint elköltését vállalta",Orbán nem említette hogy az orosz gáz és olaj vásárlásra csak átmeneti felmentést adott Trump,https://444.hu/2025/11/08/feher-hazi-forrasok-szerint-magyarorszag-egy-evre-kapott-mentesseget-az-orosz-energiahordozokra-kivetett-amerikai-szankciok-alol-es-466-milliard-forint-elkolteset-vallalta?utm_source=rss_feed&utm_medium=rss&utm_campaign=rss_syndication
444.hu,"Nyíltan hergel a Magyar Nemzet a tiszások ellen, akiknek ellopták az adataikat",Ez a fideszes média történetének egyik legkeményebb húzása,https://444.hu/2025/11/07/nyiltan-hergel-a-magyar-nemzet-a-tiszasok-ellen-akiknek-elloptak-az-adataikat?utm_source=rss_feed&utm_medium=rss&utm_campaign=rss_syndication
444.hu,Orbán: Magyarország általános szankciómentességet kapott a Barátság kőolajvezetékre és a Török áramlatra,Az Egyesült Államokat bevonják Paks 2be,https://444.hu/2025/11/07/orban-magyarorszag-altalanos-szankciomentesseget-kapott-a-baratsag-koolajvezetekre-es-a-torok-aramlatra?utm_source=rss_feed&utm_medium=rss&utm_campaign=rss_syndication
444.hu,"Magyar Péter a Tisza-szimpatizánsokat mutató interaktív térképről: Politikailag motivált bűncselekmény, melynek célja egyértelműen a megfélemlítés",Egy interaktív kereshető honlapon tették közzé a Tisza Világ applikáció feltörése után ismerté vált érintettek személyes adatait neveket email címeket telefonszámokat lakcímeket A kormánymédia terjesztette a térképet de később törölte a linket a cikkeiből A NAIH szerint bűncselekmény a személyes és különleges adatok felhasználása,https://444.hu/2025/11/07/magyar-peter-a-tisza-szimpatizansokat-mutato-interaktiv-terkeprol-politikailag-motivalt-buncselekmeny-melynek-celja-egyertelmuen-a-megfelemlites?utm_source=rss_feed&utm_medium=rss&utm_campaign=rss_syndication
444.hu,A kijevi vezetés elküldte az új ukrán nyelvtörvény tervezetét a magyar kormánynak,Ha a magyar kormány rábólint Kijev hajlandó benyújtani a magyarok néhány követelését is tartalmazó törvénytervezetet a parlamentnek,https://444.hu/2025/11/07/a-kijevi-vezetes-elkuldte-az-uj-ukran-nyelvtorveny-tervezetet-a-magyar-kormanynak?utm_source=rss_feed&utm_medium=rss&utm_campaign=rss_syndication
444.hu,"Még csak november van, de Szoboszlai már másodszor a hónap játékosa a Liverpool szurkolóinál",Veszélyben Salah tavalyi rekordja,https://444.hu/2025/11/07/meg-csak-november-van-de-szoboszlai-mar-masodszor-a-honap-jatekosa-a-liverpool-szurkoloinal?utm_source=rss_feed&utm_medium=rss&utm_campaign=rss_syndication
444.hu,Romániába és Thaiföldre teszi át a gyártását Kínából a Makita,Egy romániai lap szerint az amerikai vámháború hatására,https://444.hu/2025/11/07/romaniaba-es-thaifoldre-teszi-at-a-gyartasat-kinabol-a-makita?utm_source=rss_feed&utm_medium=rss&utm_campaign=rss_syndication
444.hu,"Trump szerint Orbán sikeres lesz a következő választáson, de az ellenfelét nem ismeri",Donald Trump fogadja a magyar tárgyalódelegációt,https://444.hu/2025/11/07/orban-viktor-a-feher-hazban?utm_source=rss_feed&utm_medium=rss&utm_campaign=rss_syndication
444.hu,Több ezer repülőjáratot töröltek Amerikában a kormányzati leállás miatt,A döntés elsősorban a belföldi járatokat érinti az ország negyven legforgalmasabb repülőterén hogy enyhítsék a nyomást a fizetés nélkül dolgozó légiforgalmi irányítókon,https://444.hu/2025/11/07/tobb-ezer-repulojaratot-toroltek-amerikaban-a-kormanyzati-leallas-miatt?utm_source=rss_feed&utm_medium=rss&utm_campaign=rss_syndication
444.hu,"Tényleg mindent bevet a Fidesz-média az Orbán-Trump találkozón, még Mráz Ágostont is klónozták",Vagy a klasszikus ikertrükköt láthattunk de a Nézőpont vezetője két élő adásban is felbukkant egyszerre,https://444.hu/2025/11/07/tenyleg-mindent-bevet-a-fidesz-media-az-orban-trump-talalkozon-meg-mraz-agostont-is-klonoztak?utm_source=rss_feed&utm_medium=rss&utm_campaign=rss_syndication
444.hu,"A hétvégére beborul az ég, néhol esni is fog",Szombaton 1015 vasárnap pedig 814 fok között alakul a hőmérséklet napközben,https://444.hu/2025/11/07/a-hetvegere-beborul-az-eg-nehol-esni-is-fog?utm_source=rss_feed&utm_medium=rss&utm_campaign=rss_syndication
444.hu,"Már több mint két hónapja működik a bölcsőde, de fideszes politikusok most odamentek, hogy átadják",Azt valahogy elfelejtették megemlíteni hogy EUs pénzből készült el a hidasi bölcsőde A gyerekek hallhattak arról hogy Orbán Trumpnál van és megismerhették a kormány nagyszerű intézkedéseit is A gyerekekről készült fotókat pedig fel is használták a politikusok,https://444.hu/2025/11/07/mar-tobb-mint-ket-honapja-mukodik-a-bolcsode-de-fideszes-politikusok-most-odamentek-hogy-atadjak?utm_source=rss_feed&utm_medium=rss&utm_campaign=rss_syndication
444.hu,A Mol szerint nem elég a régió ellátásbiztonságához az Adria-vezeték,Nemrég még a magyar kormány és a MOL is egyaránt azt állította nem lehetséges a leválás az orosz olajról,https://444.hu/2025/11/07/orakkal-a-trump-orban-talalkozo-elott-a-mol-mar-ugy-veli-megis-el-tudna-latni-a-finomitoit-az-adria-vezeteken-keresztul?utm_source=rss_feed&utm_medium=rss&utm_campaign=rss_syndication
444.hu,"Késsel fenyegetőzött egy férfi a XV. kerületi óvodában, a TEK segítségével mentették ki a közel hatvan gyereket",A férfi végül a TEK hatására együttműködővé vált megadta magát és letette a kését,https://444.hu/2025/11/07/kessel-fenyegetozott-egy-ferfi-a-xv-keruleti-ovodaban-a-tek-segitsegevel-mentettek-ki-a-kozel-hatvan-gyereket?utm_source=rss_feed&utm_medium=rss&utm_campaign=rss_syndication
444.hu,Rollertárolóra zuhant egy márványtábla a Petőfi híd oldaláról,Személyi sérülés nem történt de a híd ettől függetlenül jóideje felújításra szorul,https://444.hu/2025/11/07/rollertarolora-zuhant-egy-marvanytabla-a-petofi-hid-oldalarol?utm_source=rss_feed&utm_medium=rss&utm_campaign=rss_syndication
444.hu,A magyar rendőrség semmit nem tussol el!,Miért hagyták futni Semjén Zsolt pedofil barátját Hilarion metropolitát kérdezte Dobrev Klára Pintér Sándortól miután nyilvánosságra kerültek a felvételek a ministránsa ágyába bemászó Hilarionról A BM szerint nincs itt semmi látnivaló,https://444.hu/2025/11/07/a-magyar-rendorseg-semmit-nem-tussol-el?utm_source=rss_feed&utm_medium=rss&utm_campaign=rss_syndication
444.hu,"24 éve eltűntként tartották számon, valójában a felesége és annak egykori szeretője ölte meg az ajkai férfit",Az akkor 35 éves férfi holttestét egy hétvégi ház udvarán ásták el Devecser környékén,https://444.hu/2025/11/07/24-eve-eltuntkent-tartottak-szamon-valojaban-a-felesege-es-annak-egykori-szeretoje-olte-meg-az-ajkai-ferfit?utm_source=rss_feed&utm_medium=rss&utm_campaign=rss_syndication
444.hu,Kiemelt ügyként kezelik a hatóságok a XIII. kerületi óvodákban és iskolákban történt tömeges ételmérgezést,Mindegyik érintett intézményt ugyanaz a közétkeztető vállalat látja el Járványügyi vizsgálat indult felfüggesztették az érintett főzőkonyha működését majd a mintavételeket követően azonnali fertőtlenítőszeres nagytakarítást rendeltek el,https://444.hu/2025/11/07/kiemelt-ugykent-kezelik-a-hatosagok-a-xiii-keruleti-ovodakban-es-iskolakban-tortent-tomeges-etelmergezest?utm_source=rss_feed&utm_medium=rss&utm_campaign=rss_syndication
444.hu,"Orbánnak nagyon kellene a választások előtt Trump segítsége, Paksba is beszállhatnak cserébe az amerikaiak",Az oroszok elleni szankciók alóli mentességért mentek a Fehér Házba nukleáris és gázszerződéssel fizethet a magyar kormány Valójában egyre kevésbé nagy biznisz az orosz energia mégis ragaszkodnak hozzá,https://444.hu/2025/11/07/orbannak-nagyon-kellene-a-valasztasok-elott-trump-segitsege-paksba-is-beszallhatnak-cserebe-az-amerikaiak?utm_source=rss_feed&utm_medium=rss&utm_campaign=rss_syndication
444.hu,"Az oroszoknak mostantól mindig új vízumot kell kérniük, ha az EU-ba jönnek",Az Európai Bizottság szerint így gyakrabban tudják majd ellenőrizni a beutazókat ezzel csökkentve a biztonsági kockázatokat,https://444.hu/2025/11/07/az-oroszoknak-mostantol-mindig-uj-vizumot-kell-kerniuk-ha-az-eu-ba-jonnek?utm_source=rss_feed&utm_medium=rss&utm_campaign=rss_syndication
444.hu,"Egyikük kiposztolta az alvó Orbánt, másikuk élettelen sorvadt agyúaknak nevezte a közpénzégetést kritizálókat, valaki meg leszállított 1,5 millió megtekintést - így dolgoztak a kegyencjárat influenszerei",Megnéztük milyen módszerekkel dolgoztak a Washingtonba szállított politikai megmondóemberek és milyen kattintásszámokat nézettséget szállítottak a Fidesznek,https://444.hu/2025/11/07/egyikuk-kiposztolta-az-alvo-orbant-masikuk-elettelen-sorvadt-agyuaknak-nevezte-a-kozpenzegetest-kritizalokat-valaki-meg-leszallitott-15-millio-megtekintest-igy-dolgoztak-a-kegyencjarat-influenszerei?utm_source=rss_feed&utm_medium=rss&utm_campaign=rss_syndication
444.hu,Orbán 7000 milliárd forintos ígérettel venné meg Trump jóindulatát és a reményt,De úgy is mondhatjuk hogy Amerika átveri rajtunk az atomterveit a nukleáris fűtőelemekről és kis moduláris reaktorokról szóló megállapodással A magyar kormány a paksi szankció feloldását az összeoroszozott magyar atom nyugatkompatibilissé tételét remélheti a washingtoni csúcstól de Trumpnak sem csak a pénzről szól a dolog,https://444.hu/2025/11/07/amerikai-magyar-nuklearis-megallapodas-szijjarto-rubio-modularis-reaktor-paks-atomenergia?utm_source=rss_feed&utm_medium=rss&utm_campaign=rss_syndication
444.hu,"Kína új repülőgép-hordozót bocsátott vízre, ezzel is froclizva az Egyesült Államokat",Ez a harmadik ez a legnagyobb,https://444.hu/2025/11/07/kina-uj-repulogep-hordozot-bocsatott-vizre-ezzel-is-froclizva-az-egyesult-allamokat?utm_source=rss_feed&utm_medium=rss&utm_campaign=rss_syndication
444.hu,Tömeges ételmérgezés budapesti óvodákban és iskolákban,Eddig 47 gyereket láttak el a Heim Pál Kórházban,https://444.hu/2025/11/07/tomeges-etelmergzes-budapesti-ovodakban-es-iskolakban?utm_source=rss_feed&utm_medium=rss&utm_campaign=rss_syndication
